frame,file,lambda_A,w4_A,q,na,label,prob
0,000_366_trajB.trr,1.0796762257814407,8.397209644317627,0.7755992558357824,0,nonreactive,0.13
1,000_366_trajB.trr,1.0892075300216675,7.827729731798172,0.875026490151426,0,nonreactive,0.13
0,000_367_trajF.trr,1.0796762257814407,8.397209644317627,0.7755992558357824,0,nonreactive,0.13
1,000_367_trajF.trr,1.0883773863315582,8.064900934696198,0.647740806495354,0,nonreactive,0.13
0,000_463_trajB.trr,1.0830046236515045,8.224676549434662,0.7181479704986818,1,nonreactive,0.13
1,000_463_trajB.trr,1.092226654291153,7.862849533557892,0.389276992742171,1,nonreactive,0.13
0,000_743_trajB.trr,1.0821273177862167,8.092201948165894,0.8591697792365219,2,nonreactive,0.13
1,000_743_trajB.trr,1.0854440927505493,7.824229001998901,0.4461947127483161,0,nonreactive,0.13
0,000_744_trajF.trr,1.0821273177862167,8.092201948165894,0.8591697792365219,2,nonreactive,0.13
1,000_744_trajF.trr,1.0893922299146652,8.14608246088028,0.44355225640206,0,nonreactive,0.13
0,000_946_trajB.trr,1.0835597664117813,8.102134466171265,-0.08000897481036673,0,nonreactive,0.13
1,000_946_trajB.trr,1.0887442529201508,8.358031809329987,0.49877490909962685,0,nonreactive,0.13
0,000_947_trajF.trr,1.0835597664117813,8.102134466171265,-0.08000897481036673,0,nonreactive,0.13
1,000_947_trajF.trr,1.0925482958555222,8.174891173839569,0.805807743638159,0,nonreactive,0.13
0,000_1167_trajB.trr,1.0817575454711914,8.085283041000366,0.48512140105473667,1,nonreactive,0.13
1,000_1167_trajB.trr,1.0917838662862778,8.21489691734314,0.8409872856754816,2,nonreactive,0.13
0,000_1168_trajF.trr,1.0817575454711914,8.085283041000366,0.48512140105473667,1,nonreactive,0.13
1,000_1168_trajF.trr,1.0936593264341354,8.131210803985596,0.6189669485107601,0,nonreactive,0.13
0,000_1327_trajB.trr,1.0820812731981277,8.214165270328522,0.8386797199418925,0,nonreactive,0.13
1,000_1327_trajB.trr,1.0889366269111633,7.943633794784546,0.6745503376600177,0,nonreactive,0.13
0,000_1328_trajF.trr,1.0820812731981277,8.214165270328522,0.8386797199418925,0,nonreactive,0.13
1,000_1328_trajF.trr,1.090344861149788,7.930063307285309,0.6527752121437731,0,nonreactive,0.13
0,000_1448_trajB.trr,1.0842976719141006,7.893992364406586,0.6384126842309373,0,nonreactive,0.13
1,000_1448_trajB.trr,1.096511110663414,8.028327524662018,0.7020720885895138,1,nonreactive,0.13
0,000_1449_trajF.trr,1.0842976719141006,7.893992364406586,0.6384126842309373,0,nonreactive,0.13
1,000_1449_trajF.trr,1.093016192317009,7.86669135093689,0.3396494833634842,2,nonreactive,0.13
0,000_205_trajB.trr,1.0837434232234955,8.152763545513153,0.23067415169425265,2,nonreactive,0.13
1,000_205_trajB.trr,1.0817690193653107,7.892542481422424,0.6432028667165892,1,nonreactive,0.13
2,000_205_trajB.trr,1.0909556597471237,7.922146022319794,0.9280554872372777,0,nonreactive,0.13
0,000_206_trajF.trr,1.0837434232234955,8.152763545513153,0.23067415169425265,2,nonreactive,0.13
1,000_206_trajF.trr,1.085498034954071,8.129826784133911,0.6346507621940998,1,nonreactive,0.13
0,000_1630_trajB.trr,1.0812018811702728,8.10079574584961,0.677828417777343,2,nonreactive,0.13
1,000_1630_trajB.trr,1.094006597995758,7.993790507316589,0.5499035097450757,1,nonreactive,0.13
0,001_301_trajB.trr,1.1014065146446228,7.889299690723419,0.4203466109010172,0,reactive,0.75
1,001_301_trajB.trr,1.0848157107830048,8.102944493293762,0.861050584932153,1,nonreactive,0.13
0,001_302_trajF.trr,1.1014065146446228,7.889299690723419,0.4203466109010172,0,reactive,0.75
1,001_302_trajF.trr,1.0802745819091797,7.988216876983643,0.8159731706379697,1,nonreactive,0.13
0,001_782_trajB.trr,1.0932518541812897,8.108568489551544,0.6049639726945089,0,nonreactive,0.13
1,001_782_trajB.trr,1.0778430849313736,8.186940848827362,0.6915571557620505,0,nonreactive,0.13
0,001_783_trajF.trr,1.0932518541812897,8.108568489551544,0.6049639726945089,0,nonreactive,0.13
1,001_783_trajF.trr,1.0926619917154312,8.313849568367004,0.2613406105277256,2,nonreactive,0.13
2,001_783_trajF.trr,1.0834617912769318,8.373504281044006,0.4822432119188945,1,nonreactive,0.13
0,001_945_trajF.trr,1.093663051724434,8.059211671352386,0.6862154033847894,0,nonreactive,0.13
1,001_945_trajF.trr,1.1165321618318558,8.29135537147522,0.6248340876574043,0,reactive,0.75
0,002_1180_trajB.trr,1.091512143611908,8.226670920848846,0.871430726787223,0,nonreactive,0.13
1,002_1180_trajB.trr,1.087716817855835,8.03070992231369,0.8344589619251727,1,nonreactive,0.13
2,002_1180_trajB.trr,1.084340363740921,8.18234235048294,0.6568980794208481,1,nonreactive,0.13
0,002_1181_trajF.trr,1.091512143611908,8.226670920848846,0.871430726787223,0,nonreactive,0.13
1,002_1181_trajF.trr,1.0923054814338684,7.843441069126129,0.7928472307742056,0,nonreactive,0.13
2,002_1181_trajF.trr,1.1027485877275467,7.927542626857758,0.8359935539192662,1,reactive,0.75
3,002_1181_trajF.trr,1.0876520723104477,7.920571863651276,0.6964885284759601,0,nonreactive,0.13
4,002_1181_trajF.trr,1.0911382734775543,7.7680617570877075,0.8122075324786117,1,nonreactive,0.13
5,002_1181_trajF.trr,1.0836336761713028,7.970078885555267,0.5922597037944528,0,nonreactive,0.13
0,002_1340_trajB.trr,1.0899558663368225,8.07912290096283,0.4797123056778496,2,nonreactive,0.13
1,002_1340_trajB.trr,1.094653382897377,7.8029897809028625,0.7645809377209609,0,nonreactive,0.13
2,002_1340_trajB.trr,1.1059422045946121,7.8485190868377686,0.6849811381942352,0,reactive,0.75
3,002_1340_trajB.trr,1.0953189432621002,8.033203184604645,0.8184999420911709,0,nonreactive,0.13
4,002_1340_trajB.trr,1.0870108008384705,8.071533143520355,0.5744496546829946,1,nonreactive,0.13
5,002_1340_trajB.trr,1.0782490670681,8.058547526597977,0.18792296422257193,0,nonreactive,0.13
0,002_1341_trajF.trr,1.0899558663368225,8.07912290096283,0.4797123056778496,2,nonreactive,0.13
1,002_1341_trajF.trr,1.0876091569662094,8.058642745018005,0.292052550822655,2,nonreactive,0.13
2,002_1341_trajF.trr,1.1002177745103836,8.372524678707123,0.8651774727960302,0,reactive,0.75
3,002_1341_trajF.trr,1.0861484706401825,8.031822144985199,0.380310717141804,2,nonreactive,0.13
4,002_1341_trajF.trr,1.100374311208725,7.8131261467933655,0.8818844461141023,0,reactive,0.75
5,002_1341_trajF.trr,1.0936873406171799,7.938956022262573,0.38397708811980125,0,nonreactive,0.13
6,002_1341_trajF.trr,1.1004558950662613,7.930907607078552,0.3108259842522162,2,reactive,0.75
7,002_1341_trajF.trr,1.092129647731781,8.406709730625153,0.660412065731611,0,nonreactive,0.13
8,002_1341_trajF.trr,1.0933783650398254,8.10636967420578,0.5573082832606433,0,nonreactive,0.13
9,002_1341_trajF.trr,1.0999145358800888,7.812545597553253,0.9662587304604633,0,nonreactive,0.13
10,002_1341_trajF.trr,1.0815925151109695,8.083817064762115,0.8336883628823681,1,nonreactive,0.13
0,001_207_trajB.trr,1.090366169810295,8.021387457847595,0.8736802815230642,1,nonreactive,0.13
1,001_207_trajB.trr,1.0900216549634933,7.994199991226196,0.5922901969642589,1,nonreactive,0.13
2,001_207_trajB.trr,1.1059197038412094,8.084586262702942,0.6480060619749961,0,reactive,0.75
3,001_207_trajB.trr,1.0877146571874619,8.060846626758575,0.7121487678823998,1,nonreactive,0.13
4,001_207_trajB.trr,1.1034845560789108,8.112195432186127,0.014875615757536376,0,reactive,0.75
5,001_207_trajB.trr,1.087718978524208,8.292556405067444,0.6889285362307629,1,nonreactive,0.13
6,001_207_trajB.trr,1.095568835735321,8.042880296707153,0.9149603968708524,1,nonreactive,0.13
7,001_207_trajB.trr,1.0931524634361267,8.059104681015015,0.6666777282074879,0,nonreactive,0.13
8,001_207_trajB.trr,1.0915299504995346,8.326878845691681,0.31257275849347965,0,nonreactive,0.13
9,001_207_trajB.trr,1.1012860387563705,8.246082663536072,0.6204599749919569,0,reactive,0.75
10,001_207_trajB.trr,1.0843118280172348,8.193710446357727,0.868754359496843,2,nonreactive,0.13
0,001_208_trajF.trr,1.090366169810295,8.021387457847595,0.8736802815230642,1,nonreactive,0.13
1,001_208_trajF.trr,1.0992436110973358,8.141092956066132,-0.11733286263094622,0,nonreactive,0.13
2,001_208_trajF.trr,1.0933587700128555,8.197228014469147,0.7204979379728327,0,nonreactive,0.13
3,001_208_trajF.trr,1.0843278467655182,8.11608225107193,0.8844272691002691,0,nonreactive,0.13
0,002_1616_trajB.trr,1.1010440438985825,8.017546832561493,0.7824600338623207,0,reactive,0.75
1,002_1616_trajB.trr,1.0860331356525421,7.911116182804108,0.9140835164234454,0,nonreactive,0.13
2,002_1616_trajB.trr,1.0887742042541504,7.765316963195801,0.49316548034616103,0,nonreactive,0.13
3,002_1616_trajB.trr,1.084829866886139,8.217538893222809,0.8265214386686637,3,nonreactive,0.13
0,002_1617_trajF.trr,1.1010440438985825,8.017546832561493,0.7824600338623207,0,reactive,0.75
1,002_1617_trajF.trr,1.1000685393810272,8.148738145828247,0.4062169191313727,0,reactive,0.75
2,002_1617_trajF.trr,1.0924742370843887,8.083160519599915,0.7838334137045198,0,nonreactive,0.13
3,002_1617_trajF.trr,1.1016267538070679,8.145121932029724,0.7637478250529717,0,reactive,0.75
4,002_1617_trajF.trr,1.086864024400711,8.049851059913635,0.5101611062461653,0,nonreactive,0.13
5,002_1617_trajF.trr,1.0837122797966003,8.022705316543579,0.8716564767942798,0,nonreactive,0.13
0,001_464_trajF.trr,1.0914670675992966,7.923669517040253,0.7488241702790889,0,nonreactive,0.13
1,001_464_trajF.trr,1.0999808460474014,8.020687103271484,0.7358320695497224,0,nonreactive,0.13
2,001_464_trajF.trr,1.095746010541916,7.907783389091492,0.6491668461607843,1,nonreactive,0.13
3,001_464_trajF.trr,1.1071793735027313,7.881174087524414,0.3665459835077025,1,reactive,0.75
4,001_464_trajF.trr,1.100057065486908,8.02488625049591,0.4484269709962374,1,reactive,0.75
5,001_464_trajF.trr,1.0996036231517792,8.03552359342575,0.7689343446036713,1,nonreactive,0.13
6,001_464_trajF.trr,1.1088096350431442,8.237499296665192,0.6144302840213836,0,reactive,0.75
7,001_464_trajF.trr,1.0940517485141754,8.015291094779968,0.6088505737421043,1,nonreactive,0.13
8,001_464_trajF.trr,1.0940619558095932,8.208357095718384,0.894711141114193,0,nonreactive,0.13
9,001_464_trajF.trr,1.1071478575468063,7.982158958911896,0.5742630683212548,0,reactive,0.75
10,001_464_trajF.trr,1.0962367057800293,7.942525148391724,0.6201447711177953,0,nonreactive,0.13
11,001_464_trajF.trr,1.0957348346710205,7.966787219047546,0.8782414835468472,0,nonreactive,0.13
12,001_464_trajF.trr,1.08453668653965,8.052960932254791,0.716769711027271,1,nonreactive,0.13
0,002_621_trajB.trr,1.086876392364502,8.02961528301239,0.733072892387663,2,nonreactive,0.13
1,002_621_trajB.trr,1.0814651101827621,8.056550025939941,0.14416691508099722,1,nonreactive,0.13
0,002_622_trajF.trr,1.086876392364502,8.02961528301239,0.733072892387663,2,nonreactive,0.13
1,002_622_trajF.trr,1.0884371399879456,8.416044414043427,0.7071257535641801,0,nonreactive,0.13
2,002_622_trajF.trr,1.090911626815796,8.074164390563965,0.7371128662232005,1,nonreactive,0.13
3,002_622_trajF.trr,1.0854562371969223,8.163971602916718,0.6281812039015936,1,nonreactive,0.13
4,002_622_trajF.trr,1.086411103606224,8.08861792087555,0.6144133474161353,0,nonreactive,0.13
5,002_622_trajF.trr,1.0910896211862564,8.025752007961273,0.2495237743443801,1,nonreactive,0.13
6,002_622_trajF.trr,1.0877672582864761,8.438076674938202,0.12629795960890378,0,nonreactive,0.13
7,002_622_trajF.trr,1.0826978832483292,8.189574182033539,0.4706507963445937,0,nonreactive,0.13
0,002_760_trajB.trr,1.089816838502884,8.170019388198853,0.9042566479989149,1,nonreactive,0.13
1,002_760_trajB.trr,1.096365675330162,8.071002960205078,0.7727183244253047,0,nonreactive,0.13
2,002_760_trajB.trr,1.0835906118154526,8.194194436073303,0.3968481742515493,1,nonreactive,0.13
0,002_761_trajF.trr,1.089816838502884,8.170019388198853,0.9042566479989149,1,nonreactive,0.13
1,002_761_trajF.trr,1.0878998041152954,8.25557142496109,0.7363816539160467,2,nonreactive,0.13
2,002_761_trajF.trr,1.0878635942935944,7.924803197383881,0.7122625298434634,2,nonreactive,0.13
3,002_761_trajF.trr,1.0833832621574402,8.098020851612091,0.6093591102128673,0,nonreactive,0.13
0,001_982_trajB.trr,1.0905501991510391,7.874818742275238,0.8429137792009892,1,nonreactive,0.13
1,001_982_trajB.trr,1.0848793387413025,7.972373068332672,0.7831847553805824,0,nonreactive,0.13
0,001_983_trajF.trr,1.0905501991510391,7.874818742275238,0.8429137792009892,1,nonreactive,0.13
1,001_983_trajF.trr,1.0869520902633667,8.022029101848602,0.24600738010718115,0,nonreactive,0.13
2,001_983_trajF.trr,1.0834406316280365,8.013772964477539,0.8746995688950481,0,nonreactive,0.13
0,001_1157_trajB.trr,1.102452129125595,8.064627647399902,0.7977219456427198,1,reactive,0.75
1,001_1157_trajB.trr,1.0909239947795868,8.002148866653442,0.04641679699087509,0,nonreactive,0.13
2,001_1157_trajB.trr,1.0887160897254944,7.944198548793793,0.9116157268122101,2,nonreactive,0.13
3,001_1157_trajB.trr,1.0999677330255508,7.995352745056152,0.4924614063288154,0,nonreactive,0.13
4,001_1157_trajB.trr,1.0891363769769669,8.02492767572403,0.44117015593192654,0,nonreactive,0.13
5,001_1157_trajB.trr,1.084892749786377,8.130869567394257,0.6229624891649026,0,nonreactive,0.13
0,001_1158_trajF.trr,1.102452129125595,8.064627647399902,0.7977219456427198,1,reactive,0.75
1,001_1158_trajF.trr,1.0896702110767365,8.206436038017273,0.76444276375046,2,nonreactive,0.13
2,001_1158_trajF.trr,1.0830985754728317,8.23175698518753,0.5781346459350011,1,nonreactive,0.13
0,001_1338_trajB.trr,1.1050786077976227,7.991689741611481,0.5667647009430752,0,reactive,0.75
1,001_1338_trajB.trr,1.0890252888202667,8.29021543264389,0.6095705100857886,0,nonreactive,0.13
2,001_1338_trajB.trr,1.0950194299221039,7.927407622337341,0.7219408430090211,2,nonreactive,0.13
3,001_1338_trajB.trr,1.0899104177951813,8.494678139686584,0.8389606503481803,0,nonreactive,0.13
4,001_1338_trajB.trr,1.0925701260566711,8.042104542255402,0.7455136454067446,0,nonreactive,0.13
5,001_1338_trajB.trr,1.1012733727693558,7.825857102870941,0.4656368998380256,1,reactive,0.75
6,001_1338_trajB.trr,1.096719652414322,8.005269467830658,0.913765839971711,0,nonreactive,0.13
7,001_1338_trajB.trr,1.0958309471607208,7.996390759944916,0.6855954095520806,2,nonreactive,0.13
8,001_1338_trajB.trr,1.0818102955818176,8.108717799186707,0.6131688954706028,0,nonreactive,0.13
0,001_1339_trajF.trr,1.1050786077976227,7.991689741611481,0.5667647009430752,0,reactive,0.75
1,001_1339_trajF.trr,1.0829148441553116,8.16720336675644,0.3123361112134879,0,nonreactive,0.13
0,002_1451_trajB.trr,1.091604307293892,8.21851909160614,0.7453568764347132,1,nonreactive,0.13
1,002_1451_trajB.trr,1.0838624835014343,8.169614374637604,0.19387402860516778,2,nonreactive,0.13
0,002_1452_trajF.trr,1.091604307293892,8.21851909160614,0.7453568764347132,1,nonreactive,0.13
1,002_1452_trajF.trr,1.1035799235105515,8.129399120807648,0.6154290510369105,2,reactive,0.75
2,002_1452_trajF.trr,1.0822317749261856,8.187628090381622,0.35629341814609417,0,nonreactive,0.13
0,001_1631_trajF.trr,1.0876105725765228,8.006680309772491,0.6496442770249435,0,nonreactive,0.13
1,001_1631_trajF.trr,1.0936738550662994,7.925820052623749,0.783788754960387,0,nonreactive,0.13
2,001_1631_trajF.trr,1.0900551080703735,7.883712947368622,0.6329544198467053,0,nonreactive,0.13
3,001_1631_trajF.trr,1.0909390449523926,8.121353089809418,0.41578769009991334,0,nonreactive,0.13
4,001_1631_trajF.trr,1.1028235405683517,8.138050734996796,0.7986157293302372,1,reactive,0.75
5,001_1631_trajF.trr,1.098412349820137,8.01748812198639,0.8486464624096557,2,nonreactive,0.13
6,001_1631_trajF.trr,1.0909181088209152,8.018810451030731,0.500494822924511,3,nonreactive,0.13
7,001_1631_trajF.trr,1.0889384895563126,8.33871304988861,0.6870609110620067,1,nonreactive,0.13
8,001_1631_trajF.trr,1.1003153026103973,8.093913495540619,0.6841350034193516,1,reactive,0.75
9,001_1631_trajF.trr,1.1009909957647324,8.260973989963531,0.21560233311006993,2,reactive,0.75
10,001_1631_trajF.trr,1.0967571288347244,7.930583357810974,0.9922678660528503,1,nonreactive,0.13
11,001_1631_trajF.trr,1.0976772755384445,8.14302146434784,-0.37134727624645403,0,nonreactive,0.13
12,001_1631_trajF.trr,1.0937679558992386,8.111993372440338,0.35506449086388736,2,nonreactive,0.13
13,001_1631_trajF.trr,1.0907503217458725,8.048136830329895,0.835358563158137,1,nonreactive,0.13
14,001_1631_trajF.trr,1.0932956635951996,8.106395602226257,0.7609638193867618,1,nonreactive,0.13
15,001_1631_trajF.trr,1.0807543992996216,8.013705909252167,0.4934538679625853,0,nonreactive,0.13
0,003_370_trajB.trr,1.0900463163852692,7.995239496231079,0.046723482792695004,1,nonreactive,0.13
1,003_370_trajB.trr,1.085508093237877,8.189005255699158,0.4460609402835032,1,nonreactive,0.13
2,003_370_trajB.trr,1.0930418968200684,8.00027310848236,0.4292602582547683,0,nonreactive,0.13
3,003_370_trajB.trr,1.0910849273204803,8.182209730148315,0.8198532442330516,0,nonreactive,0.13
4,003_370_trajB.trr,1.0906971246004105,8.025888204574585,0.21767636859614714,2,nonreactive,0.13
5,003_370_trajB.trr,1.0992812365293503,8.226204812526703,0.8335486920481614,0,nonreactive,0.13
6,003_370_trajB.trr,1.0948783159255981,7.817756533622742,0.6256827668827363,1,nonreactive,0.13
7,003_370_trajB.trr,1.0889031738042831,8.015073835849762,0.8460113656449791,2,nonreactive,0.13
8,003_370_trajB.trr,1.0827001184225082,8.008260130882263,0.5231337947457124,2,nonreactive,0.13
0,003_371_trajF.trr,1.0900463163852692,7.995239496231079,0.046723482792695004,1,nonreactive,0.13
1,003_371_trajF.trr,1.0854773968458176,8.133766949176788,0.21218376643570047,0,nonreactive,0.13
2,003_371_trajF.trr,1.096670776605606,8.237226903438568,0.3964931684955135,2,nonreactive,0.13
3,003_371_trajF.trr,1.0910265147686005,8.000126481056213,0.4331339342478332,1,nonreactive,0.13
4,003_371_trajF.trr,1.0922768712043762,7.9539284110069275,0.5644451236930648,1,nonreactive,0.13
5,003_371_trajF.trr,1.1004780232906342,7.836666107177734,0.39854703172787087,0,reactive,0.75
6,003_371_trajF.trr,1.1118124425411224,8.04101437330246,0.6539543133691919,0,reactive,0.75
7,003_371_trajF.trr,1.089407429099083,8.142547607421875,0.6528282804600419,3,nonreactive,0.13
8,003_371_trajF.trr,1.0943301022052765,7.965090572834015,0.4898654426269935,0,nonreactive,0.13
9,003_371_trajF.trr,1.0862012207508087,8.14195454120636,0.5582284432136401,2,nonreactive,0.13
10,003_371_trajF.trr,1.1069613695144653,7.9892489314079285,0.6665003014303004,2,reactive,0.75
11,003_371_trajF.trr,1.091156005859375,8.249149322509766,0.6112298748804207,1,nonreactive,0.13
12,003_371_trajF.trr,1.095573976635933,8.226629495620728,0.9618929988955537,1,nonreactive,0.13
13,003_371_trajF.trr,1.0873359441757202,8.26564371585846,0.3688221133637476,0,nonreactive,0.13
14,003_371_trajF.trr,1.1025238782167435,8.006909191608429,0.8697351337812439,2,reactive,0.75
15,003_371_trajF.trr,1.0834818333387375,8.047755062580109,0.7519930205147842,1,nonreactive,0.13
0,004_470_trajB.trr,1.0852648317813873,8.09040367603302,0.42822721477905135,2,nonreactive,0.13
1,004_470_trajB.trr,1.0921446979045868,7.816638946533203,0.9320007284832498,0,nonreactive,0.13
2,004_470_trajB.trr,1.0922817140817642,7.71893709897995,0.4083469121921911,0,nonreactive,0.13
3,004_470_trajB.trr,1.0951535403728485,8.621503114700317,0.474422122538833,3,nonreactive,0.13
4,004_470_trajB.trr,1.0869547724723816,8.083536922931671,0.27273687871684804,0,nonreactive,0.13
5,004_470_trajB.trr,1.104583665728569,8.339284360408783,0.7350796627206295,0,reactive,0.75
6,004_470_trajB.trr,1.0892587155103683,7.923963963985443,0.4666093663569888,0,nonreactive,0.13
7,004_470_trajB.trr,1.091827154159546,7.989033758640289,0.6911408664046061,3,nonreactive,0.13
8,004_470_trajB.trr,1.0847394168376923,8.352566957473755,0.28941014029596257,0,nonreactive,0.13
0,004_471_trajF.trr,1.0852648317813873,8.09040367603302,0.42822721477905135,2,nonreactive,0.13
1,004_471_trajF.trr,1.0832887142896652,7.917050421237946,0.6173641422837632,1,nonreactive,0.13
0,003_749_trajB.trr,1.086094006896019,8.40046763420105,0.7046487484314166,0,nonreactive,0.13
1,003_749_trajB.trr,1.084723249077797,8.05092304944992,0.8873701542326459,0,nonreactive,0.13
0,003_750_trajF.trr,1.086094006896019,8.40046763420105,0.7046487484314166,0,nonreactive,0.13
1,003_750_trajF.trr,1.095147579908371,8.17845731973648,0.772552098288799,2,nonreactive,0.13
2,003_750_trajF.trr,1.0902224481105804,7.864050269126892,0.9488986875466732,1,nonreactive,0.13
3,003_750_trajF.trr,1.0870756953954697,7.9667264223098755,0.4646659190165344,1,nonreactive,0.13
4,003_750_trajF.trr,1.0829700529575348,8.095465898513794,0.7714851618157987,0,nonreactive,0.13
0,004_1000_trajF.trr,1.097269430756569,8.146867752075195,0.21830814471075777,1,nonreactive,0.13
1,004_1000_trajF.trr,1.0910852253437042,8.064516186714172,0.7554385049719331,0,nonreactive,0.13
2,004_1000_trajF.trr,1.092272400856018,8.052259981632233,0.40621629118176794,1,nonreactive,0.13
3,004_1000_trajF.trr,1.08949676156044,8.170790374279022,0.7214140426531132,0,nonreactive,0.13
4,004_1000_trajF.trr,1.090991571545601,8.31123411655426,0.5886719477927804,1,nonreactive,0.13
5,004_1000_trajF.trr,1.0863883793354034,8.180475533008575,0.15396804069644787,2,nonreactive,0.13
6,004_1000_trajF.trr,1.0900228470563889,8.089791238307953,0.7211457764083059,0,nonreactive,0.13
7,004_1000_trajF.trr,1.0953205078840256,7.960646152496338,0.37067858128804354,0,nonreactive,0.13
8,004_1000_trajF.trr,1.0980741679668427,8.022940754890442,0.926262035432635,1,nonreactive,0.13
9,004_1000_trajF.trr,1.0923949629068375,8.232973515987396,0.7255371851013991,0,nonreactive,0.13
10,004_1000_trajF.trr,1.1063316464424133,8.248842358589172,0.6232796407571449,0,reactive,0.75
11,004_1000_trajF.trr,1.0929189622402191,8.252013027668,-0.2181658087531375,2,nonreactive,0.13
12,004_1000_trajF.trr,1.0827359557151794,8.02798479795456,0.5003798007194955,2,nonreactive,0.13
0,004_999_trajB.trr,1.097269430756569,8.146867752075195,0.21830814471075777,1,nonreactive,0.13
1,004_999_trajB.trr,1.0959985107183456,7.955842018127441,0.4546091356163785,1,nonreactive,0.13
2,004_999_trajB.trr,1.0926374047994614,7.98539936542511,0.9529706417113283,1,nonreactive,0.13
3,004_999_trajB.trr,1.089891791343689,7.793779075145721,0.7061141567601698,0,nonreactive,0.13
4,004_999_trajB.trr,1.087336540222168,8.247468769550323,0.6662597251301534,0,nonreactive,0.13
5,004_999_trajB.trr,1.1018384993076324,8.070485591888428,0.7322545268150882,0,reactive,0.75
6,004_999_trajB.trr,1.1012311279773712,8.188901841640472,0.7933832256971745,0,reactive,0.75
7,004_999_trajB.trr,1.095905527472496,8.281626999378204,0.44430395140119594,1,nonreactive,0.13
8,004_999_trajB.trr,1.0930190235376358,8.1495800614357,0.3337067650358414,1,nonreactive,0.13
9,004_999_trajB.trr,1.0927517712116241,8.073776662349701,0.8935306136527326,1,nonreactive,0.13
10,004_999_trajB.trr,1.0881554335355759,7.844918966293335,0.7921099164471714,1,nonreactive,0.13
11,004_999_trajB.trr,1.098133996129036,8.091988265514374,0.4792370519584722,0,nonreactive,0.13
12,004_999_trajB.trr,1.0849322378635406,8.13663899898529,0.8960258396050141,1,nonreactive,0.13
0,004_1195_trajB.trr,1.1018174886703491,8.066665530204773,0.7582593419166305,1,reactive,0.75
1,004_1195_trajB.trr,1.0963381826877594,7.981218099594116,0.6902447866152137,0,nonreactive,0.13
2,004_1195_trajB.trr,1.0810230672359467,7.896283864974976,0.4826408716997008,0,nonreactive,0.13
0,004_1196_trajF.trr,1.1018174886703491,8.066665530204773,0.7582593419166305,1,reactive,0.75
1,004_1196_trajF.trr,1.0982630401849747,7.8951263427734375,0.3592994776837364,0,nonreactive,0.13
2,004_1196_trajF.trr,1.1017925292253494,8.069194853305817,0.42893623324913754,0,reactive,0.75
3,004_1196_trajF.trr,1.0904227197170258,7.839524447917938,0.7260398058650108,0,nonreactive,0.13
4,004_1196_trajF.trr,1.0923033952713013,7.949112355709076,0.0650356819152278,0,nonreactive,0.13
5,004_1196_trajF.trr,1.114080771803856,7.779884040355682,0.7748426163915171,1,reactive,0.75
6,004_1196_trajF.trr,1.0844407230615616,8.03860992193222,0.819802256969708,1,nonreactive,0.13
0,004_1344_trajB.trr,1.1138227581977844,7.999364137649536,0.9184426710839438,1,reactive,0.75
1,004_1344_trajB.trr,1.0809437185525894,8.142364621162415,0.5151880087703392,2,nonreactive,0.13
0,004_1345_trajF.trr,1.1138227581977844,7.999364137649536,0.9184426710839438,1,reactive,0.75
1,004_1345_trajF.trr,1.0835932195186615,7.87971705198288,0.621165731753812,1,nonreactive,0.13
0,003_1453_trajB.trr,1.0898636281490326,7.963974475860596,0.8331230013439648,1,nonreactive,0.13
1,003_1453_trajB.trr,1.0923134535551071,7.960593402385712,0.6308854982455572,0,nonreactive,0.13
2,003_1453_trajB.trr,1.0973026603460312,7.8930288553237915,0.2372902039708431,1,nonreactive,0.13
3,003_1453_trajB.trr,1.093863695859909,8.132298290729523,0.7422878693096613,1,nonreactive,0.13
4,003_1453_trajB.trr,1.0906432569026947,7.962331771850586,0.7756898070317607,2,nonreactive,0.13
5,003_1453_trajB.trr,1.1003593355417252,8.049160838127136,0.6708053849394552,0,reactive,0.75
6,003_1453_trajB.trr,1.0937904566526413,8.062496483325958,0.03604235829949787,1,nonreactive,0.13
7,003_1453_trajB.trr,1.0841000080108643,8.018291890621185,0.9565346465510974,0,nonreactive,0.13
0,003_1454_trajF.trr,1.0898636281490326,7.963974475860596,0.8331230013439648,1,nonreactive,0.13
1,003_1454_trajF.trr,1.0854960978031158,8.078419268131256,0.4047738440469111,1,nonreactive,0.13
2,003_1454_trajF.trr,1.0921556502580643,7.948978543281555,0.7867797668696185,1,nonreactive,0.13
3,003_1454_trajF.trr,1.0932490974664688,8.118477165699005,0.21528584011322438,0,nonreactive,0.13
4,003_1454_trajF.trr,1.0920777916908264,8.24422150850296,0.7082570061085998,0,nonreactive,0.13
5,003_1454_trajF.trr,1.098002940416336,8.210127055644989,0.7431185217034634,1,nonreactive,0.13
6,003_1454_trajF.trr,1.0886135697364807,7.917776107788086,0.39555246969171254,1,nonreactive,0.13
7,003_1454_trajF.trr,1.091250702738762,8.089935183525085,0.616438652598039,1,nonreactive,0.13
8,003_1454_trajF.trr,1.1027558892965317,8.149067759513855,0.5616320840002684,1,reactive,0.75
9,003_1454_trajF.trr,1.0929526388645172,8.090975880622864,0.703775174360604,1,nonreactive,0.13
10,003_1454_trajF.trr,1.0850828140974045,7.9050180315971375,0.4623060388962219,0,nonreactive,0.13
11,003_1454_trajF.trr,1.1107249557971954,8.021547198295593,0.8156669621776578,1,reactive,0.75
12,003_1454_trajF.trr,1.0928348451852798,8.115689158439636,0.9612214049031161,1,nonreactive,0.13
13,003_1454_trajF.trr,1.0884757339954376,8.136674165725708,0.3311119597327902,2,nonreactive,0.13
14,003_1454_trajF.trr,1.0892361402511597,8.156537413597107,-0.06293778791523552,0,nonreactive,0.13
15,003_1454_trajF.trr,1.0945940017700195,8.04682970046997,0.8105897264147954,1,nonreactive,0.13
16,003_1454_trajF.trr,1.0938293486833572,8.012704253196716,0.75505368255514,0,nonreactive,0.13
17,003_1454_trajF.trr,1.1108937859535217,7.816635370254517,-0.26441493472988786,1,reactive,0.75
18,003_1454_trajF.trr,1.086309775710106,8.054697513580322,0.7025474568760629,1,nonreactive,0.13
19,003_1454_trajF.trr,1.0841717571020126,8.158358335494995,0.39705216474824323,1,nonreactive,0.13
0,003_1582_trajB.trr,1.091604307293892,8.21851909160614,0.7453568764347132,1,nonreactive,0.13
1,003_1582_trajB.trr,1.1104364693164825,7.977403998374939,0.748977424507222,1,reactive,0.75
2,003_1582_trajB.trr,1.0825709998607635,8.188230395317078,0.6916718021663348,0,nonreactive,0.13
0,003_1583_trajF.trr,1.091604307293892,8.21851909160614,0.7453568764347132,1,nonreactive,0.13
1,003_1583_trajF.trr,1.0886379331350327,8.047739863395691,0.7787745662523915,0,nonreactive,0.13
2,003_1583_trajF.trr,1.09314426779747,7.793446779251099,0.6180654927504072,1,nonreactive,0.13
3,003_1583_trajF.trr,1.0950977355241776,8.03566962480545,0.7058188259404545,1,nonreactive,0.13
4,003_1583_trajF.trr,1.0860346257686615,8.092949986457825,0.7179599997624913,1,nonreactive,0.13
5,003_1583_trajF.trr,1.0849691182374954,8.160170912742615,0.39079629846096053,1,nonreactive,0.13
0,003_468_trajB.trr,1.1035840213298798,8.130023777484894,0.8885377874218621,2,reactive,0.75
1,003_468_trajB.trr,1.0816553235054016,8.195412456989288,0.7406786662989644,1,nonreactive,0.13
0,003_469_trajF.trr,1.1035840213298798,8.130023777484894,0.8885377874218621,2,reactive,0.75
1,003_469_trajF.trr,1.0845153778791428,8.004598617553711,0.18165992920023477,1,nonreactive,0.13
0,004_786_trajB.trr,1.0892663896083832,7.87351667881012,0.6116548735898073,0,nonreactive,0.13
1,004_786_trajB.trr,1.0923083126544952,8.160194158554077,0.6181369314172482,1,nonreactive,0.13
2,004_786_trajB.trr,1.1025670915842056,8.1061452627182,0.7201312064790681,0,reactive,0.75
3,004_786_trajB.trr,1.0909728705883026,8.191917836666107,0.9667107418090969,0,nonreactive,0.13
4,004_786_trajB.trr,1.092982292175293,8.00398200750351,0.515526080022841,1,nonreactive,0.13
5,004_786_trajB.trr,1.0975822806358337,8.136869072914124,0.7556165460378992,0,nonreactive,0.13
6,004_786_trajB.trr,1.0815415531396866,8.202602863311768,0.7585176519678973,1,nonreactive,0.13
0,004_787_trajF.trr,1.0892663896083832,7.87351667881012,0.6116548735898073,0,nonreactive,0.13
1,004_787_trajF.trr,1.103145033121109,8.182951807975769,0.8365847854891449,1,reactive,0.75
2,004_787_trajF.trr,1.095174327492714,8.160276114940643,0.39030297934246483,1,nonreactive,0.13
3,004_787_trajF.trr,1.0981491953134537,8.060739040374756,0.4952859110580127,0,nonreactive,0.13
4,004_787_trajF.trr,1.091422215104103,8.078062236309052,0.7279808051184505,1,nonreactive,0.13
5,004_787_trajF.trr,1.0949008166790009,8.19765955209732,0.7121254322575306,0,nonreactive,0.13
6,004_787_trajF.trr,1.0935723036527634,8.287290334701538,0.7849594641224025,1,nonreactive,0.13
7,004_787_trajF.trr,1.096998080611229,8.066435158252716,0.7827310792114605,0,nonreactive,0.13
8,004_787_trajF.trr,1.088908314704895,7.852804511785507,0.6052407574010763,0,nonreactive,0.13
9,004_787_trajF.trr,1.0939578711986542,8.032497763633728,0.20622124705564193,2,nonreactive,0.13
10,004_787_trajF.trr,1.0845120251178741,8.171741664409637,0.898363094831024,0,nonreactive,0.13
0,003_986_trajB.trr,1.0994984954595566,8.023128509521484,0.5465162361286857,0,nonreactive,0.13
1,003_986_trajB.trr,1.0871721059083939,7.930101156234741,0.5819685381351558,0,nonreactive,0.13
2,003_986_trajB.trr,1.0993225872516632,8.052433133125305,0.6584222911419004,1,nonreactive,0.13
3,003_986_trajB.trr,1.0931599885225296,8.134377896785736,0.6142496817593499,1,nonreactive,0.13
4,003_986_trajB.trr,1.0812053829431534,7.807568609714508,0.5369272551817263,3,nonreactive,0.13
0,003_987_trajF.trr,1.0994984954595566,8.023128509521484,0.5465162361286857,0,nonreactive,0.13
1,003_987_trajF.trr,1.0885509848594666,7.782017737627029,0.7679117301157655,0,nonreactive,0.13
2,003_987_trajF.trr,1.0937745869159698,7.937612533569336,0.6145791890763658,0,nonreactive,0.13
3,003_987_trajF.trr,1.0896559059619904,8.064374923706055,0.6010371163883811,1,nonreactive,0.13
4,003_987_trajF.trr,1.0868729650974274,8.164139091968536,0.1383972392073547,0,nonreactive,0.13
5,003_987_trajF.trr,1.091061383485794,8.205496370792389,0.7059410593511117,1,nonreactive,0.13
6,003_987_trajF.trr,1.1022494733333588,8.19055438041687,0.46174169026664447,1,reactive,0.75
7,003_987_trajF.trr,1.0901283472776413,8.312540352344513,0.35629031977173464,1,nonreactive,0.13
8,003_987_trajF.trr,1.0873758792877197,8.136466145515442,0.5942072503073954,0,nonreactive,0.13
9,003_987_trajF.trr,1.0836393386125565,8.113143742084503,0.9165963925660805,1,nonreactive,0.13
0,003_1193_trajB.trr,1.095307618379593,8.150931596755981,0.4943469422280873,1,nonreactive,0.13
1,003_1193_trajB.trr,1.090935692191124,8.010931313037872,0.19491118209686698,2,nonreactive,0.13
2,003_1193_trajB.trr,1.1022213101387024,8.196395337581635,0.9116104984837725,0,reactive,0.75
3,003_1193_trajB.trr,1.0911184549331665,8.035065531730652,0.5943603434720437,0,nonreactive,0.13
4,003_1193_trajB.trr,1.0872135311365128,8.21119248867035,0.9484419713874015,1,nonreactive,0.13
5,003_1193_trajB.trr,1.0954506695270538,8.191538155078888,0.3772158299765237,0,nonreactive,0.13
6,003_1193_trajB.trr,1.083778440952301,7.985785603523254,0.27907166428857777,1,nonreactive,0.13
0,003_1194_trajF.trr,1.095307618379593,8.150931596755981,0.4943469422280873,1,nonreactive,0.13
1,003_1194_trajF.trr,1.0900548100471497,8.260040283203125,0.14892352826029898,0,nonreactive,0.13
2,003_1194_trajF.trr,1.0983944684267044,8.071992993354797,0.868774580206731,2,nonreactive,0.13
3,003_1194_trajF.trr,1.0837296396493912,8.042494356632233,0.9324528552402311,1,nonreactive,0.13
0,002_1317_trajB.trr,1.0924295336008072,8.043141961097717,0.22094567463700465,1,nonreactive,0.13
1,002_1317_trajB.trr,1.0893918573856354,8.048912584781647,0.5388347994567615,2,nonreactive,0.13
2,002_1317_trajB.trr,1.0846377164125443,8.237472176551819,0.44654546178061183,1,nonreactive,0.13
0,002_1318_trajF.trr,1.0924295336008072,8.043141961097717,0.22094567463700465,1,nonreactive,0.13
1,002_1318_trajF.trr,1.0909084975719452,7.775220572948456,0.8114870312490092,0,nonreactive,0.13
2,002_1318_trajF.trr,1.0963165760040283,8.233340084552765,0.603943032702498,0,nonreactive,0.13
3,002_1318_trajF.trr,1.0947797447443008,8.01080584526062,0.9210390458842664,0,nonreactive,0.13
4,002_1318_trajF.trr,1.0894136130809784,7.8154027462005615,0.8347614540298658,0,nonreactive,0.13
5,002_1318_trajF.trr,1.09461210668087,8.109545111656189,0.3255946115077305,1,nonreactive,0.13
6,002_1318_trajF.trr,1.1039333790540695,8.166913092136383,0.5493961558694148,0,reactive,0.75
7,002_1318_trajF.trr,1.084238514304161,8.043538331985474,0.2969322637211351,1,nonreactive,0.13
0,004_1455_trajB.trr,1.0869216918945312,8.086579442024231,0.45514148967203516,0,nonreactive,0.13
1,004_1455_trajB.trr,1.0833054035902023,8.155388236045837,0.4391904544560925,1,nonreactive,0.13
0,004_1456_trajF.trr,1.0869216918945312,8.086579442024231,0.45514148967203516,0,nonreactive,0.13
1,004_1456_trajF.trr,1.1006597429513931,8.0408775806427,0.5785484941898604,0,reactive,0.75
2,004_1456_trajF.trr,1.087113693356514,8.32921028137207,0.700463280896109,1,nonreactive,0.13
3,004_1456_trajF.trr,1.10104501247406,7.9907578229904175,0.7748309261893467,0,reactive,0.75
4,004_1456_trajF.trr,1.0846925526857376,8.283130526542664,0.3541844616209622,1,nonreactive,0.13
0,004_1584_trajB.trr,1.090182363986969,7.968007028102875,0.9134534835291555,1,nonreactive,0.13
1,004_1584_trajB.trr,1.0820972174406052,8.132003247737885,0.7465885836272899,1,nonreactive,0.13
0,004_1585_trajF.trr,1.090182363986969,7.968007028102875,0.9134534835291555,1,nonreactive,0.13
1,004_1585_trajF.trr,1.097593531012535,8.389746844768524,0.692244660978112,3,nonreactive,0.13
2,004_1585_trajF.trr,1.1214576661586761,8.20039689540863,0.6413395657132788,0,reactive,0.75
0,005_764_trajB.trr,1.1087844520807266,7.884328067302704,0.6047054624359836,0,reactive,0.75
1,005_764_trajB.trr,1.0901247709989548,8.119111359119415,0.6986100288671745,0,nonreactive,0.13
2,005_764_trajB.trr,1.0800566524267197,8.089093565940857,-0.010475927374765437,0,nonreactive,0.13
0,005_765_trajF.trr,1.1087844520807266,7.884328067302704,0.6047054624359836,0,reactive,0.75
1,005_765_trajF.trr,1.0848861187696457,7.924486994743347,0.5336793651538634,1,nonreactive,0.13
0,006_979_trajB.trr,1.1143601685762405,8.135472238063812,0.8438341573577082,1,reactive,0.75
1,006_979_trajB.trr,1.0884905606508255,8.080832362174988,0.8709296650043792,1,nonreactive,0.13
2,006_979_trajB.trr,1.0865425318479538,7.905810475349426,0.4455048054281575,0,nonreactive,0.13
3,006_979_trajB.trr,1.0900897532701492,8.097393810749054,0.2504624519604628,0,nonreactive,0.13
4,006_979_trajB.trr,1.090610921382904,8.039032518863678,0.7294709243296134,0,nonreactive,0.13
5,006_979_trajB.trr,1.087014600634575,8.261659443378448,0.45163090889512003,0,nonreactive,0.13
6,006_979_trajB.trr,1.0953408479690552,7.954080402851105,0.9133317150156012,1,nonreactive,0.13
7,006_979_trajB.trr,1.0830006748437881,8.254489600658417,0.5189524588657093,0,nonreactive,0.13
0,006_980_trajF.trr,1.1143601685762405,8.135472238063812,0.8438341573577082,1,reactive,0.75
1,006_980_trajF.trr,1.0803290456533432,7.947103381156921,0.7227299108425669,1,nonreactive,0.13
0,001_945_trajF.trr,1.093663051724434,8.059211671352386,0.6862154033847894,0,nonreactive,0.13
1,001_945_trajF.trr,1.1165321618318558,8.29135537147522,0.6248340876574043,0,reactive,0.75
0,005_1457_trajB.trr,1.0942095518112183,7.974101901054382,-0.06796915920770852,1,nonreactive,0.13
1,005_1457_trajB.trr,1.0928566008806229,8.02958607673645,0.8620404821327484,0,nonreactive,0.13
2,005_1457_trajB.trr,1.0915995389223099,7.93801873922348,0.7362765520636769,1,nonreactive,0.13
3,005_1457_trajB.trr,1.1147622019052505,8.01771193742752,0.5221604814401575,0,reactive,0.75
4,005_1457_trajB.trr,1.0880104452371597,7.947113811969757,0.7707229879008017,0,nonreactive,0.13
5,005_1457_trajB.trr,1.1025993525981903,8.157483637332916,0.3666911696459072,0,reactive,0.75
6,005_1457_trajB.trr,1.102530062198639,8.195255994796753,0.6046902889477137,3,reactive,0.75
7,005_1457_trajB.trr,1.095692664384842,8.088641464710236,0.8371385800862714,1,nonreactive,0.13
8,005_1457_trajB.trr,1.1080800741910934,8.047898709774017,-0.1682615643181511,1,reactive,0.75
9,005_1457_trajB.trr,1.0891388356685638,8.139512538909912,0.771661536270231,1,nonreactive,0.13
10,005_1457_trajB.trr,1.0998251289129257,8.194125294685364,0.40834568906553037,0,nonreactive,0.13
11,005_1457_trajB.trr,1.086570844054222,7.949403524398804,0.08432249777587653,0,nonreactive,0.13
12,005_1457_trajB.trr,1.0925570130348206,8.050393164157867,0.45290412570974836,1,nonreactive,0.13
13,005_1457_trajB.trr,1.099826693534851,8.153862655162811,0.7409315071012285,0,nonreactive,0.13
14,005_1457_trajB.trr,1.0978888720273972,8.177010416984558,0.8110974299491532,1,nonreactive,0.13
15,005_1457_trajB.trr,1.089705303311348,8.052384853363037,0.702538804865912,1,nonreactive,0.13
16,005_1457_trajB.trr,1.087806224822998,8.033502101898193,0.5644860395046986,1,nonreactive,0.13
17,005_1457_trajB.trr,1.0889837145805359,7.9739439487457275,0.4890454641378026,0,nonreactive,0.13
18,005_1457_trajB.trr,1.0915672779083252,8.144647181034088,0.5880542416034966,2,nonreactive,0.13
19,005_1457_trajB.trr,1.0845045745372772,8.178735673427582,0.175647217792275,0,nonreactive,0.13
0,005_1458_trajF.trr,1.0942095518112183,7.974101901054382,-0.06796915920770852,1,nonreactive,0.13
1,005_1458_trajF.trr,1.083703488111496,8.085965514183044,0.879989513398669,0,nonreactive,0.13
0,005_1608_trajB.trr,1.0938922315835953,8.376467525959015,0.5794023260937647,2,nonreactive,0.13
1,005_1608_trajB.trr,1.1071572452783585,7.953521013259888,0.8938774414215885,1,reactive,0.75
2,005_1608_trajB.trr,1.0940220952033997,7.999476790428162,0.6018135777188633,0,nonreactive,0.13
3,005_1608_trajB.trr,1.0903586447238922,7.904756665229797,0.02737292595795715,1,nonreactive,0.13
4,005_1608_trajB.trr,1.089334562420845,8.214136064052582,0.22364238456023178,0,nonreactive,0.13
5,005_1608_trajB.trr,1.0985267907381058,8.07815819978714,0.44903432481396277,1,nonreactive,0.13
6,005_1608_trajB.trr,1.0826050490140915,8.127253651618958,0.8663535773447071,0,nonreactive,0.13
0,005_1609_trajF.trr,1.0938922315835953,8.376467525959015,0.5794023260937647,2,nonreactive,0.13
1,005_1609_trajF.trr,1.0867927223443985,8.234107494354248,0.725844787982095,0,nonreactive,0.13
2,005_1609_trajF.trr,1.0939239710569382,7.9223015904426575,0.860450236040415,1,nonreactive,0.13
3,005_1609_trajF.trr,1.0889147222042084,8.275346755981445,0.7990865016823807,0,nonreactive,0.13
4,005_1609_trajF.trr,1.1130834370851517,8.100732266902924,0.5889259082017195,0,reactive,0.75
5,005_1609_trajF.trr,1.0804452002048492,8.007099032402039,0.6423912211445358,1,nonreactive,0.13
0,006_629_trajB.trr,1.0988172888755798,8.0846306681633,0.8874573112897461,0,nonreactive,0.13
1,006_629_trajB.trr,1.0881143063306808,7.973376512527466,0.673792710624806,2,nonreactive,0.13
2,006_629_trajB.trr,1.09204463660717,8.107787668704987,0.8098027688958537,1,nonreactive,0.13
3,006_629_trajB.trr,1.0944395512342453,8.108980059623718,0.5042806093000982,0,nonreactive,0.13
4,006_629_trajB.trr,1.0881835967302322,8.203333616256714,0.4925618671552757,1,nonreactive,0.13
5,006_629_trajB.trr,1.0901713371276855,7.89917916059494,0.8100188058334838,0,nonreactive,0.13
6,006_629_trajB.trr,1.0918975621461868,8.129252791404724,0.7958040694953059,1,nonreactive,0.13
7,006_629_trajB.trr,1.097147986292839,8.054883182048798,0.6936890992370893,2,nonreactive,0.13
8,006_629_trajB.trr,1.0925939679145813,8.029989898204803,0.5481088299189126,2,nonreactive,0.13
9,006_629_trajB.trr,1.1014971882104874,8.090247511863708,0.440152897923753,2,reactive,0.75
10,006_629_trajB.trr,1.086951494216919,8.017064929008484,0.9432815551272365,0,nonreactive,0.13
11,006_629_trajB.trr,1.095033660531044,7.981769442558289,0.5546538051301877,0,nonreactive,0.13
12,006_629_trajB.trr,1.0995929688215256,8.105145990848541,-0.18078171545986832,0,nonreactive,0.13
13,006_629_trajB.trr,1.0810497403144836,8.309671580791473,0.5037146671779451,2,nonreactive,0.13
0,006_630_trajF.trr,1.0988172888755798,8.0846306681633,0.8874573112897461,0,nonreactive,0.13
1,006_630_trajF.trr,1.0908599942922592,8.078624308109283,0.6059564500935652,2,nonreactive,0.13
2,006_630_trajF.trr,1.1189106851816177,8.064135313034058,0.3277289524191753,1,reactive,0.75
0,006_777_trajB.trr,1.0984081774950027,7.998520135879517,0.6165049966755887,1,nonreactive,0.13
1,006_777_trajB.trr,1.0899873822927475,8.165051341056824,-0.09127321920578257,0,nonreactive,0.13
2,006_777_trajB.trr,1.1104609072208405,8.071637153625488,0.2597442742107571,0,reactive,0.75
3,006_777_trajB.trr,1.085788980126381,8.012048900127411,0.8137599596466499,2,nonreactive,0.13
4,006_777_trajB.trr,1.0846544057130814,8.013587296009064,0.49586914920436453,0,nonreactive,0.13
0,006_778_trajF.trr,1.0984081774950027,7.998520135879517,0.6165049966755887,1,nonreactive,0.13
1,006_778_trajF.trr,1.0882528871297836,8.166576623916626,0.38380942169916676,1,nonreactive,0.13
2,006_778_trajF.trr,1.1032529920339584,8.163482248783112,0.7346660632634562,0,reactive,0.75
3,006_778_trajF.trr,1.0898196697235107,7.932952642440796,0.6460202607920885,0,nonreactive,0.13
4,006_778_trajF.trr,1.0897653549909592,8.075273633003235,0.4153207758182411,0,nonreactive,0.13
5,006_778_trajF.trr,1.0980643332004547,7.906328439712524,0.19912024871751566,1,nonreactive,0.13
6,006_778_trajF.trr,1.0904711484909058,8.032154142856598,0.5645044658229912,2,nonreactive,0.13
7,006_778_trajF.trr,1.0819677263498306,7.890504896640778,0.6146569892624918,1,nonreactive,0.13
0,005_990_trajB.trr,1.1113069206476212,7.8787243366241455,0.7194104783078245,0,reactive,0.75
1,005_990_trajB.trr,1.0871216654777527,7.9256197810173035,0.9272752595579226,0,nonreactive,0.13
2,005_990_trajB.trr,1.088775023818016,7.894675135612488,0.7853714646075273,2,nonreactive,0.13
3,005_990_trajB.trr,1.0971670597791672,8.08439701795578,0.7131275815230975,1,nonreactive,0.13
4,005_990_trajB.trr,1.1089636385440826,7.766555696725845,-0.9761252963170559,1,reactive,0.75
5,005_990_trajB.trr,1.0823671519756317,8.14259260892868,0.897756603869709,0,nonreactive,0.13
0,005_991_trajF.trr,1.1113069206476212,7.8787243366241455,0.7194104783078245,0,reactive,0.75
1,005_991_trajF.trr,1.102960780262947,8.215184807777405,0.29679232481362927,1,reactive,0.75
2,005_991_trajF.trr,1.0993140190839767,8.132058382034302,0.6365210977551727,0,nonreactive,0.13
3,005_991_trajF.trr,1.080462634563446,8.177269995212555,0.32148057407876496,0,nonreactive,0.13
0,005_1346_trajB.trr,1.0915592312812805,8.3065065741539,0.557107515458501,1,nonreactive,0.13
1,005_1346_trajB.trr,1.091729924082756,8.13358336687088,0.8434324190520363,2,nonreactive,0.13
2,005_1346_trajB.trr,1.110244020819664,8.040179312229156,0.8665210655193097,0,reactive,0.75
3,005_1346_trajB.trr,1.0847463458776474,7.93783038854599,0.7315634202818767,0,nonreactive,0.13
0,005_1347_trajF.trr,1.0915592312812805,8.3065065741539,0.557107515458501,1,nonreactive,0.13
1,005_1347_trajF.trr,1.0884862393140793,8.203541040420532,0.7088765500593239,1,nonreactive,0.13
2,005_1347_trajF.trr,1.0986056923866272,8.193211853504181,0.6662951686491092,0,nonreactive,0.13
3,005_1347_trajF.trr,1.0977084934711456,8.078639209270477,0.8011330395359106,1,nonreactive,0.13
4,005_1347_trajF.trr,1.087900772690773,8.209780156612396,0.4572842162111048,2,nonreactive,0.13
5,005_1347_trajF.trr,1.091931238770485,8.143839836120605,0.4292670264085051,1,nonreactive,0.13
6,005_1347_trajF.trr,1.0883774608373642,8.325712978839874,0.5675817233149293,3,nonreactive,0.13
7,005_1347_trajF.trr,1.0991355776786804,7.807342112064362,-0.8534074879706839,0,nonreactive,0.13
8,005_1347_trajF.trr,1.0867347568273544,8.066526353359222,0.33735671481873986,0,nonreactive,0.13
9,005_1347_trajF.trr,1.0945811867713928,8.102618157863617,0.2700190356488168,0,nonreactive,0.13
10,005_1347_trajF.trr,1.0891450196504593,8.232958316802979,0.31900911797020615,0,nonreactive,0.13
11,005_1347_trajF.trr,1.0912657529115677,7.951076328754425,0.6028542918387069,0,nonreactive,0.13
12,005_1347_trajF.trr,1.1018379032611847,8.150818943977356,0.4926951289444399,1,reactive,0.75
13,005_1347_trajF.trr,1.0945630818605423,8.20267915725708,0.8432548626253407,0,nonreactive,0.13
14,005_1347_trajF.trr,1.084624007344246,8.072121441364288,0.5904084080065111,0,nonreactive,0.13
0,006_215_trajB.trr,1.0974983125925064,8.036819994449615,0.3226773579178741,0,nonreactive,0.13
1,006_215_trajB.trr,1.088956892490387,8.009300231933594,0.5619736286973362,1,nonreactive,0.13
2,006_215_trajB.trr,1.0913226008415222,8.031546473503113,0.32202902329370153,1,nonreactive,0.13
3,006_215_trajB.trr,1.1122424900531769,8.101098537445068,0.8599789672957355,2,reactive,0.75
4,006_215_trajB.trr,1.0867772996425629,7.966289520263672,0.30043943735638723,0,nonreactive,0.13
5,006_215_trajB.trr,1.09844408929348,8.520938754081726,0.9320750150623289,0,nonreactive,0.13
6,006_215_trajB.trr,1.1123868823051453,7.954313158988953,0.9492790532270525,2,reactive,0.75
7,006_215_trajB.trr,1.082906499505043,8.04175317287445,0.8831598051773454,1,nonreactive,0.13
0,006_216_trajF.trr,1.0974983125925064,8.036819994449615,0.3226773579178741,0,nonreactive,0.13
1,006_216_trajF.trr,1.0863476991653442,7.988651990890503,0.8303048509268749,0,nonreactive,0.13
2,006_216_trajF.trr,1.1018246412277222,7.900451719760895,0.6244709629184211,0,reactive,0.75
3,006_216_trajF.trr,1.0826238989830017,8.18396121263504,0.6595209152956337,1,nonreactive,0.13
0,006_1530_trajB.trr,1.1109009385108948,8.053037822246552,0.0534627197538744,1,reactive,0.75
1,006_1530_trajB.trr,1.105104312300682,7.988769114017487,0.6352138861941894,1,reactive,0.75
2,006_1530_trajB.trr,1.0885676741600037,8.364808559417725,0.3750867580782642,1,nonreactive,0.13
3,006_1530_trajB.trr,1.0866236686706543,7.9203662276268005,0.6652193088713099,0,nonreactive,0.13
4,006_1530_trajB.trr,1.0895582288503647,8.322534561157227,0.4207170422636167,1,nonreactive,0.13
5,006_1530_trajB.trr,1.0941072553396225,8.17576289176941,0.6301810590014214,0,nonreactive,0.13
6,006_1530_trajB.trr,1.0825727134943008,8.00356149673462,0.6780472007239635,2,nonreactive,0.13
0,006_1531_trajF.trr,1.1109009385108948,8.053037822246552,0.0534627197538744,1,reactive,0.75
1,006_1531_trajF.trr,1.0954302549362183,7.800484597682953,0.6176790856772454,1,nonreactive,0.13
2,006_1531_trajF.trr,1.0926253348588943,7.848955690860748,0.9085117972567852,1,nonreactive,0.13
3,006_1531_trajF.trr,1.0956531018018723,8.054807186126709,0.6870154499594193,1,nonreactive,0.13
4,006_1531_trajF.trr,1.0798975080251694,7.94610470533371,0.6028784439737319,2,nonreactive,0.13
